variant,ece,logloss,brier,n_points
vowels_pack_baseline,0.04498450147381156,0.2503215456987017,0.06833941403519546,700
vowels_pack_plus_praat,0.03233069904046724,0.22084998457910776,0.05369942496020778,700
