variant,n_splits,test_size,n_speakers,n_pd,n_ctrl,n_features,auc_mean,auc_std,auc_min,auc_max,auc_mean_delta_vs_baseline
baseline,50,0.25,46,24,22,35,0.973406746031746,0.07239991263916612,0.5625,1.0,0.0
baseline_plus_praat,50,0.25,46,24,22,42,0.9731924603174603,0.08216993145161143,0.5,1.0,-0.0002142857142857224
